topic,subtopic,question,answer
Internet of Things,IoT Data Analytics,How can leveraging insights from connected devices revolutionize decision-making processes in various industries?,"By harnessing the power of IoT data analytics, organizations can gain real-time insights into operational efficiency, consumer behavior, and predictive maintenance. This data-driven approach enables proactive decision-making, leading to cost savings, improved productivity, and enhanced customer experiences. The ability to analyze vast amounts of data from interconnected devices opens up new possibilities for innovation and optimization across sectors such as manufacturing, healthcare, transportation, and more."
Data Structures and Algorithms,Sorting Algorithms,How can the efficiency of sorting algorithms be further improved beyond traditional comparisons and swaps?,"One innovative approach to enhancing the efficiency of sorting algorithms beyond comparisons and swaps is by exploring parallel processing and distributed computing techniques. By leveraging the power of multiple processors or machines working simultaneously, sorting algorithms can achieve significant speedups. This approach involves dividing the sorting task into smaller subtasks that can be processed in parallel, leading to faster overall sorting times. Additionally, utilizing specialized hardware accelerators like GPUs can also boost the performance of sorting algorithms by offloading computation-intensive tasks to these high-speed processors."
Operating Systems,Memory Management,How does efficient memory management contribute to the overall performance of an operating system?,"Efficient memory management plays a crucial role in optimizing the performance of an operating system. By effectively allocating and deallocating memory resources, the system can reduce overhead, prevent memory leaks, and enhance overall system stability. Additionally, proper memory management ensures that processes can access the required memory locations promptly, leading to improved system responsiveness and efficiency."
Computer Networks,Network Security,"How can we ensure the confidentiality and integrity of data transmitted over a network, especially in the presence of potential threats?","To safeguard data during transmission, network security mechanisms like encryption, firewalls, and intrusion detection systems are employed. These tools help prevent unauthorized access, eavesdropping, and data manipulation, ensuring the confidentiality and integrity of information exchanged over networks."
Operating Systems,Memory Management,How does the efficient utilization of resources contribute to the overall performance of a system?,"Efficient memory management plays a crucial role in optimizing system performance by ensuring that memory resources are allocated and deallocated effectively, preventing memory leaks, and reducing fragmentation. This directly impacts the speed and responsiveness of the system, as well as the ability to run multiple processes concurrently without resource contention."
Artificial Intelligence,Ethical Implications of AI,How can we ensure that artificial intelligence systems are designed and implemented in a way that upholds ethical standards and respects human values?,"Ethical considerations play a crucial role in the development and deployment of artificial intelligence systems. It is essential to address issues such as bias, transparency, accountability, and privacy to ensure that AI technologies benefit society without causing harm. Stakeholder engagement, robust regulatory frameworks, and continuous monitoring are key strategies to navigate the ethical challenges in AI."
Computer Networks,Network Protocols,How do devices communicate effectively in a digital world where language is binary and connections are virtual?,"In a world where devices speak the language of binary and connections are virtual, the seamless communication between devices is facilitated by network protocols. These protocols define the rules and conventions for communication, ensuring that data is transmitted accurately and efficiently across networks. By adhering to standardized protocols such as TCP/IP, devices can establish reliable connections, exchange information, and navigate the complexities of the digital landscape with precision and speed."
Data Structures and Algorithms,Sorting Algorithms,How can you efficiently organize a collection of items to optimize their arrangement for quick retrieval and search?,"One approach involves analyzing the time complexity of different comparison-based algorithms like Quicksort, Mergesort, and Heapsort. By understanding their trade-offs in terms of average-case and worst-case scenarios, one can select the most suitable sorting algorithm based on the specific requirements of the data set."
Data Structures and Algorithms,Sorting Algorithms,How can we efficiently organize a collection of items in a specific order to optimize search and retrieval processes?,"Sorting algorithms play a crucial role in organizing data efficiently. By implementing techniques like quicksort or mergesort, we can achieve faster search and retrieval operations. These algorithms determine the arrangement of elements, making it easier to locate specific items within the data structure."
Cybersecurity,Cryptography,"How can organizations ensure the confidentiality and integrity of their sensitive information in the digital age, especially when facing sophisticated adversaries?","Organizations can employ advanced mathematical techniques and algorithms to encrypt their data, making it unreadable to unauthorized users. By implementing strong cryptographic protocols and key management practices, they can safeguard their information from cyber threats and maintain data integrity. Additionally, continuous monitoring and updating of encryption methods are crucial to stay ahead of evolving cyber threats."
Cybersecurity,Cryptography,How can organizations ensure the confidentiality and integrity of their sensitive data in a digital world full of potential threats?,"Organizations can employ advanced cryptographic techniques such as end-to-end encryption and digital signatures to protect their sensitive data from unauthorized access and tampering. By implementing strong encryption algorithms and key management practices, they can safeguard their information from cyber threats and maintain data confidentiality and integrity."
Computer Networks,Routing Algorithms,How can we optimize the efficiency of data packet routing in complex network infrastructures?,"One innovative approach to optimizing data packet routing in complex network infrastructures could involve the use of machine learning algorithms to dynamically adjust routing paths based on real-time network conditions, traffic patterns, and performance metrics. By leveraging predictive analytics and adaptive routing strategies, networks can intelligently route data packets to minimize latency, congestion, and packet loss, ultimately enhancing overall network performance and reliability."
Cybersecurity,Cryptography,How can organizations ensure the confidentiality and integrity of their sensitive data in the digital age?,"Organizations can employ advanced encryption techniques and key management practices to safeguard their data from unauthorized access and tampering. By implementing robust cryptographic protocols and regularly updating encryption algorithms, they can maintain the confidentiality and integrity of their sensitive information, thereby mitigating the risks associated with cyber threats."
Software Engineering,Software Testing and Quality Assurance,How can software engineers ensure that the final product meets the specified requirements and quality standards effectively?,"Software engineers can implement rigorous testing processes, including unit testing, integration testing, and system testing, to verify that the software functions correctly and meets the defined quality criteria. Additionally, they can use tools like automated testing frameworks and conduct code reviews to identify and rectify defects early in the development lifecycle."
Computer Vision,Facial Recognition Technology,How can technology help in identifying individuals in a crowd without their active participation?,"Facial recognition technology utilizes biometric data to analyze facial features and patterns, enabling automated identification of individuals in a crowd without their active participation. This technology is based on algorithms that map facial features and compare them with a database of known faces to make accurate identifications."
Cloud Computing,Cloud Security,How can organizations ensure data protection and compliance when utilizing external cloud services?,"Organizations can implement encryption protocols, access controls, and regular security audits to safeguard sensitive data in the cloud. Compliance with industry regulations such as GDPR and HIPAA is crucial, along with monitoring for any unauthorized access or data breaches."
Operating Systems,Memory Management,How does the efficient utilization of resources contribute to the overall performance of an operating system?,"Efficient memory management plays a crucial role in optimizing the performance of an operating system. By effectively allocating and deallocating memory resources, the system can prevent memory leaks, fragmentation, and ensure that processes run smoothly without unnecessary delays. This directly impacts the responsiveness and efficiency of the system, enhancing user experience and overall system stability."
Cloud Computing,Cloud Deployment Models,How can businesses leverage different cloud deployment models to optimize their operations and scalability without compromising security?,"Businesses can explore various cloud deployment models such as public, private, and hybrid clouds to tailor their infrastructure to specific needs. By understanding the differences and benefits of each model, organizations can strategically deploy resources, enhance flexibility, and ensure data security in the cloud environment."
Software Engineering,Software Testing and Quality Assurance,How can we ensure that software products meet the highest standards of quality and reliability before deployment?,"One approach to ensuring software quality and reliability is through rigorous testing processes. This involves creating comprehensive test plans, executing various types of tests (such as unit tests, integration tests, and system tests), and continuously monitoring and improving the quality assurance processes. Additionally, implementing automated testing tools and practices can help streamline the testing phase and identify defects early in the development cycle, ultimately leading to higher-quality software products."
Computer Vision,Deep Learning for Visual Recognition,How can cutting-edge technology be leveraged to enhance the understanding of complex visual data in a particular field?,"Cutting-edge technology, such as advanced neural networks and deep learning algorithms, can be utilized to analyze and interpret intricate visual data in various domains. By harnessing the power of deep learning for visual recognition, researchers and practitioners can achieve remarkable accuracy in identifying and categorizing objects within images or videos, leading to significant advancements in fields like autonomous driving, medical imaging, and surveillance systems."
Artificial Intelligence,Ethical Implications of AI,How can we ensure that technology aligns with human values and ethics in the realm of Artificial Intelligence?,"In the rapidly evolving field of Artificial Intelligence, it is crucial to address the ethical implications to ensure that technology aligns with human values. This involves considering issues such as bias in algorithms, data privacy, transparency, and accountability. By promoting ethical AI practices, we can build trust with users and stakeholders, ultimately leading to the responsible development and deployment of AI systems."
Data Structures and Algorithms,Sorting Algorithms,How can we efficiently organize a collection of items to optimize their arrangement for quick retrieval and search operations?,"One innovative approach could involve exploring hybrid sorting algorithms that combine the strengths of different sorting techniques to achieve improved time complexity and space efficiency. By leveraging the characteristics of various sorting algorithms like merge sort, quicksort, and heap sort, a novel hybrid sorting algorithm could be designed to adapt to different data distributions and sizes, enhancing overall performance in sorting large datasets efficiently."
Internet of Things,IoT Data Analytics,How can leveraging data insights from connected devices revolutionize decision-making processes in various industries?,"By harnessing IoT data analytics, organizations can gain real-time insights into operations, optimize resource allocation, predict maintenance needs, and enhance overall efficiency. This data-driven approach enables proactive decision-making, leading to improved productivity and cost savings across sectors like manufacturing, transportation, and healthcare."
Computer Vision,Facial Recognition Technology,How can advancements in facial recognition technology impact privacy concerns in today's society?,"Facial recognition technology has the potential to revolutionize security measures and authentication processes. However, the widespread adoption of this technology raises significant privacy concerns regarding data protection, surveillance, and individual rights. It is crucial to strike a balance between the benefits of facial recognition and the ethical considerations surrounding privacy and consent."
Software Engineering,Quality Assurance and Testing,How can we ensure that our software products meet the highest standards and exceed customer expectations in a constantly evolving technological landscape?,"In today's dynamic tech environment, ensuring the quality of software products is paramount. By implementing rigorous testing processes, continuous integration, and automation, software teams can maintain high standards and exceed customer expectations. Additionally, leveraging user feedback loops and monitoring tools can help identify and address issues proactively, ensuring a seamless user experience and product reliability."
Computer Networks,Network Security,How can organizations enhance the security of their computer networks in an era of increasing cyber threats and sophisticated attacks?,"Organizations can enhance the security of their computer networks by implementing robust encryption protocols, conducting regular security audits, implementing multi-factor authentication, and staying updated with the latest security patches. Additionally, training employees on cybersecurity best practices and implementing intrusion detection systems can further strengthen network security."
Computer Vision,Facial Recognition Technology,How can technology help in identifying individuals in a crowd without direct interaction?,"Facial recognition technology utilizes biometric data and pattern recognition algorithms to analyze facial features and match them with existing databases, enabling automated identification of individuals in a crowd without direct interaction."
Computer Vision,Facial Recognition Technology,How can technology enhance user experience and security in public spaces without compromising privacy?,"Facial recognition technology has revolutionized security systems and user authentication processes. By leveraging advanced algorithms and biometric data, it enables seamless access control and personalized experiences. However, the ethical implications of widespread facial recognition raise concerns about privacy invasion. Balancing security needs with privacy rights is a critical challenge in the deployment of this technology."
Data Structures and Algorithms,Sorting Algorithms,How can we efficiently organize a large collection of items to optimize their arrangement and retrieval?,"One approach involves analyzing the time complexity and space complexity of different algorithms to determine the most suitable method for sorting data efficiently. By understanding the trade-offs between comparison-based and non-comparison-based sorting algorithms, we can select the most appropriate sorting technique based on the specific requirements of the problem at hand."
Machine Learning,Deep Learning,How can machines be trained to understand complex patterns and relationships in data without explicit programming instructions?,"Deep Learning algorithms, a subset of Machine Learning, utilize neural networks with multiple layers to automatically learn representations of data. By hierarchically extracting features, these models can discern intricate patterns and relationships in data, enabling tasks like image and speech recognition without the need for explicit programming of rules."
Internet of Things,IoT Data Analytics,How can leveraging insights from connected devices drive innovation and efficiency in various industries?,"By harnessing the power of IoT data analytics, organizations can uncover valuable patterns and trends from the vast amount of data generated by interconnected devices. This enables them to make informed decisions, optimize processes, and create innovative solutions that enhance efficiency and productivity across industries."
Operating Systems,Memory Management,How does the efficient utilization of resources contribute to the overall performance of an operating system?,"Efficient memory management plays a crucial role in optimizing the performance of an operating system. By effectively allocating and deallocating memory resources, the system can prevent memory leaks, fragmentation, and ensure smooth operation of processes. This directly impacts the responsiveness and efficiency of the system, leading to improved user experience and overall system stability."
Cloud Computing,Cloud Deployment Models,How can organizations optimize resource allocation and scalability in a dynamic computing environment?,"Organizations can optimize resource allocation and scalability by strategically choosing the appropriate cloud deployment model that aligns with their specific needs and workloads. This involves evaluating factors such as cost-effectiveness, flexibility, and control over infrastructure. By understanding the nuances of different deployment models like public, private, hybrid, and community clouds, organizations can effectively leverage cloud resources to meet their evolving requirements."
Machine Learning,Deep Learning,How can neural networks be trained to recognize complex patterns and features in data without explicit programming?,"Deep learning models, a subset of machine learning, utilize multiple layers of neural networks to automatically learn hierarchical representations of data. By leveraging backpropagation and activation functions, these models can recognize intricate patterns and features in data, enabling tasks like image and speech recognition without the need for explicit programming."
Operating Systems,Memory Management,How can memory management strategies in operating systems be optimized to enhance system performance and resource utilization?,"Memory management in operating systems plays a crucial role in optimizing system performance by efficiently allocating and deallocating memory resources. By implementing advanced memory management techniques such as paging, segmentation, and virtual memory, operating systems can enhance resource utilization, reduce fragmentation, and improve overall system responsiveness. Additionally, proactive memory management strategies like memory compaction and caching can further optimize memory usage and boost system efficiency."
Cloud Computing,Cloud Security,How can organizations ensure the protection of their digital assets in a dynamic and interconnected environment?,"Organizations can implement a multi-layered security approach that includes encryption, access control, and monitoring to safeguard their data and applications in the cloud. Additionally, regular security audits, compliance checks, and employee training are essential to mitigate risks and maintain a secure cloud environment."
Internet of Things,IoT Data Analytics,How can businesses leverage insights from connected devices to optimize their operations and drive innovation in a data-driven world?,"Businesses can harness IoT data analytics to gain real-time insights, improve decision-making processes, enhance operational efficiency, and create new revenue streams. By analyzing data collected from interconnected devices, organizations can identify patterns, trends, and anomalies to make informed strategic decisions and improve overall performance."
Computer Networks,Routing Algorithms,How do systems efficiently navigate through various paths to reach their destination in a network environment?,"Routing algorithms play a crucial role in determining the best path for data packets to travel from the source to the destination in a network. These algorithms consider factors like network congestion, latency, and reliability to ensure efficient data transmission across interconnected devices."
Computer Vision,Facial Recognition Technology,How can technology enhance human interactions in a digital world?,"Facial recognition technology plays a pivotal role in revolutionizing human-computer interactions by enabling personalized experiences, seamless authentication processes, and enhanced security measures. By leveraging facial recognition algorithms, devices can adapt to individual preferences, provide tailored content, and ensure secure access to sensitive information. This technology not only simplifies daily tasks but also opens up new possibilities for immersive virtual experiences and innovative applications across various industries."
Software Engineering,Software Testing and Quality Assurance,How can software testing be transformed from a bottleneck into a strategic asset in software development projects?,"Software testing can be transformed from a bottleneck into a strategic asset by integrating it throughout the software development lifecycle, adopting automated testing tools, implementing continuous testing practices, and involving testers early in the project planning phase. By treating testing as an integral part of the development process rather than a separate phase, organizations can ensure higher quality software, faster time-to-market, and improved customer satisfaction."
Cybersecurity,Cryptography,"How can organizations ensure the confidentiality and integrity of sensitive information in the digital age, especially when faced with advanced threats and evolving technologies?","Organizations can leverage advanced cryptographic techniques such as homomorphic encryption and post-quantum cryptography to protect sensitive data from unauthorized access and tampering. By implementing robust encryption algorithms and key management practices, they can maintain confidentiality and integrity even in the face of sophisticated cyber threats."
Internet of Things,IoT Data Analytics,How can businesses leverage insights from connected devices to optimize their operations and drive innovation in a data-driven world?,"Businesses can harness IoT data analytics to gain real-time insights, improve decision-making processes, enhance operational efficiency, and create new revenue streams. By analyzing data collected from interconnected devices, organizations can identify patterns, trends, and anomalies to make informed strategic decisions and improve overall performance."
Computer Vision,Facial Recognition Technology,How can technology enhance security and convenience in identity verification processes?,"Facial recognition technology plays a crucial role in modern security systems and user authentication processes. By leveraging advanced algorithms and biometric data, facial recognition enables secure and convenient identity verification. This technology not only enhances security by providing a unique identifier but also improves user experience by eliminating the need for traditional passwords or keys. Its applications range from unlocking smartphones to surveillance systems, revolutionizing the way we interact with technology."
Machine Learning,Deep Learning,How can neural networks be trained to recognize patterns in data and make predictions?,"Neural networks in deep learning use multiple layers to learn hierarchical representations of data, enabling them to automatically discover patterns and features for tasks like image recognition, speech recognition, and natural language processing. By adjusting the weights and biases through backpropagation, neural networks can iteratively improve their predictions and accuracy."
Artificial Intelligence,Ethical Implications of AI,How can the ethical considerations in Artificial Intelligence impact society's perception of technology advancement?,"The ethical implications of AI play a crucial role in shaping society's trust in technological progress. By addressing ethical concerns such as bias, privacy, and accountability, AI developers can build more transparent and responsible systems that enhance public acceptance and adoption of AI technologies."
Artificial Intelligence,Ethical AI,How can we ensure that the decisions made by intelligent systems align with societal values and principles?,"In the realm of Artificial Intelligence, the ethical considerations surrounding the deployment of intelligent systems are paramount. As technology advances, it becomes crucial to address the ethical implications of AI applications. Ensuring that AI systems align with societal values involves a complex interplay of transparency, accountability, and fairness. Stakeholders must grapple with questions of bias, privacy, and the impact of AI on individuals and society as a whole. Striking a balance between innovation and ethical responsibility is a challenge that requires continuous dialogue and proactive measures to safeguard against unintended consequences."
Data Structures and Algorithms,Sorting Algorithms,How can we efficiently organize a collection of items to optimize their arrangement for improved search and retrieval processes?,"One approach involves analyzing the time complexity of comparison-based sorting algorithms like Quicksort, Mergesort, and Heapsort to determine the most suitable algorithm based on the size and characteristics of the dataset. Additionally, exploring non-comparison-based sorting algorithms such as Counting Sort or Radix Sort can offer alternative solutions for specific scenarios."
Artificial Intelligence,Reinforcement Learning,How can an AI system learn to make decisions through trial and error in an uncertain environment?,"Reinforcement Learning is a type of machine learning where an agent learns to make decisions by receiving feedback in the form of rewards or penalties. By exploring different actions and observing the outcomes, the AI system improves its decision-making abilities over time. This approach is inspired by behavioral psychology and has applications in game playing, robotics, and optimization problems."
Cloud Computing,Cloud Deployment Models,How can organizations optimize resource utilization and scalability in a dynamic computing environment without compromising on performance and cost-effectiveness?,"Organizations can achieve optimal resource utilization and scalability by strategically selecting and implementing the most suitable cloud deployment model based on their specific workload requirements. By leveraging the flexibility of cloud deployment models such as public, private, hybrid, and multi-cloud, organizations can dynamically scale resources up or down to meet fluctuating demands while ensuring performance, cost-efficiency, and security."
Machine Learning,Deep Learning,How can neural networks be trained to recognize patterns in complex data sets and make accurate predictions without explicit programming?,"Deep learning involves training neural networks with multiple layers to automatically learn features from data, enabling them to recognize patterns and make predictions without the need for explicit programming. This approach allows for the extraction of intricate patterns in complex datasets, leading to more accurate predictions and insights."
Artificial Intelligence,Ethical Implications of AI,How can society ensure that artificial intelligence is developed and used ethically?,"Society can ensure ethical development and use of artificial intelligence by implementing robust regulations, promoting transparency in AI systems, fostering interdisciplinary collaboration between technologists and ethicists, and prioritizing human values in AI decision-making processes. Additionally, continuous monitoring, auditing, and accountability mechanisms can help mitigate potential ethical risks associated with AI technologies."
Cybersecurity,Cryptography,How can we ensure the confidentiality and integrity of sensitive information in digital communications?,"One way to ensure the confidentiality and integrity of sensitive information in digital communications is through the use of advanced cryptographic techniques such as end-to-end encryption and digital signatures. These methods help secure data by encoding it in a way that only authorized parties can access and verify its authenticity, thus safeguarding it from unauthorized access and tampering."
Operating Systems,Memory Management,How does the efficient utilization of resources contribute to the overall performance of an operating system?,"Efficient memory management in an operating system plays a crucial role in optimizing resource allocation, reducing overhead, and enhancing system performance. By effectively managing memory resources, the operating system can minimize fragmentation, improve multitasking capabilities, and ensure smooth execution of processes, ultimately leading to better overall system efficiency."
Internet of Things,IoT Data Analytics,How can leveraging real-time data insights from connected devices in a network enhance decision-making processes in a dynamic environment?,"By harnessing IoT data analytics, organizations can gain valuable insights into operational efficiency, predictive maintenance, and consumer behavior. Real-time data analysis enables proactive decision-making, leading to optimized processes, improved resource utilization, and enhanced customer experiences. This capability to extract actionable intelligence from IoT-generated data sets the foundation for innovation and competitive advantage in various industries."
Artificial Intelligence,Ethical Implications of AI,How can the ethical considerations in the development and deployment of advanced AI systems impact society and shape future technological advancements?,"The ethical implications of AI encompass issues such as bias in algorithms, privacy concerns, job displacement, and the potential for autonomous decision-making. Addressing these challenges requires a balance between innovation and ethical responsibility to ensure AI benefits society without causing harm."
Internet of Things,IoT Data Analytics,How can the utilization of IoT data analytics revolutionize decision-making processes in various industries?,"IoT data analytics enables organizations to extract valuable insights from the vast amount of data generated by IoT devices, leading to informed decision-making, predictive maintenance, and improved operational efficiency. By leveraging advanced analytics techniques on IoT data, businesses can optimize processes, enhance customer experiences, and drive innovation across sectors such as manufacturing, healthcare, transportation, and agriculture."
Machine Learning,Deep Learning,How can neural networks be optimized to handle complex hierarchical patterns in data effectively?,"Neural networks in deep learning utilize techniques like backpropagation, activation functions, and optimization algorithms such as Adam or RMSprop to learn intricate patterns in data through multiple layers. By adjusting weights and biases iteratively, neural networks can capture and represent complex hierarchical relationships, enabling them to recognize patterns at different levels of abstraction."
Machine Learning,Deep Learning,How can neural networks be optimized for complex tasks in the field of Deep Learning?,"In the realm of Deep Learning, optimizing neural networks for complex tasks involves techniques like adjusting network architecture, fine-tuning hyperparameters, implementing regularization methods, and leveraging advanced optimization algorithms such as Adam or RMSprop. Additionally, the use of techniques like batch normalization, dropout, and data augmentation plays a crucial role in enhancing the performance and generalization of deep neural networks."
Operating Systems,Memory Management,How does efficient resource allocation contribute to system performance optimization in this area?,"Efficient memory management plays a crucial role in optimizing system performance by ensuring that processes have quick access to the required memory resources. By implementing techniques like paging, segmentation, and virtual memory, the operating system can effectively allocate and deallocate memory, reducing fragmentation and improving overall system efficiency. This not only enhances the speed of program execution but also minimizes the chances of memory leaks and system crashes, leading to a more stable and reliable operating environment."
Software Engineering,Quality Assurance and Testing,"How can we ensure that our software product meets the highest standards of reliability and functionality before it reaches the end-users, leading to increased customer satisfaction and trust in the product?","One way to achieve this is by implementing a comprehensive quality assurance and testing process throughout the software development lifecycle. By conducting rigorous testing, including unit testing, integration testing, system testing, and user acceptance testing, we can identify and rectify any defects or issues in the software. Additionally, employing automated testing tools and continuous integration practices can streamline the testing process and improve the overall quality of the software product."
Machine Learning,Deep Learning,How can complex patterns and relationships in data be effectively modeled and learned in a way that mimics the human brain's neural networks?,"Deep Learning is a subset of machine learning that utilizes neural networks with multiple layers to extract high-level features from data. By hierarchically learning representations of the data, deep learning models can automatically discover intricate patterns and relationships, resembling the way the human brain processes information."
Computer Networks,Network Security,How can we ensure the confidentiality and integrity of data transmitted over a network without compromising performance?,"One approach to ensuring the confidentiality and integrity of data transmitted over a network is through the implementation of encryption protocols such as SSL/TLS. These protocols use cryptographic techniques to secure data in transit, preventing unauthorized access. Additionally, implementing strong authentication mechanisms and intrusion detection systems can help detect and prevent security breaches without significantly impacting network performance."
Artificial Intelligence,Neural Networks,How can machines learn complex patterns and relationships in data to make decisions autonomously?,"Neural networks are a fundamental component of artificial intelligence that mimic the human brain's ability to learn. By using interconnected layers of nodes, neural networks can process vast amounts of data, identify patterns, and make decisions without explicit programming. This capability enables machines to learn complex relationships and patterns in data, allowing them to perform tasks like image recognition, natural language processing, and autonomous decision-making."
Computer Networks,Network Security,How can organizations protect their sensitive data from unauthorized access and cyber threats in the digital age?,"Organizations can implement robust encryption techniques, access control mechanisms, intrusion detection systems, and regular security audits to safeguard their sensitive data from unauthorized access and cyber threats. Additionally, educating employees about cybersecurity best practices and ensuring compliance with industry standards play a crucial role in enhancing network security."
Software Engineering,Agile Methodology,How can teams ensure continuous improvement and adaptability in their development processes to meet changing requirements and deliver value consistently?,"Teams can embrace Agile Methodology, a dynamic approach that emphasizes iterative development, collaboration, and customer feedback. By breaking down projects into manageable increments, prioritizing customer satisfaction, and fostering a culture of adaptability, teams can enhance productivity, respond to changes swiftly, and deliver high-quality software solutions."
Data Structures and Algorithms,Sorting Algorithms,How can we compare the efficiency of different sorting algorithms without directly measuring their time complexity?,"One creative way to compare the efficiency of sorting algorithms without directly measuring their time complexity is by analyzing their adaptability to different data distributions. By simulating various real-world scenarios and data patterns, we can observe how each sorting algorithm performs under different conditions. This approach provides insights into the practical applicability and robustness of sorting algorithms beyond theoretical analysis."
Computer Networks,Network Security,How can we ensure the confidentiality and integrity of data transmitted over computer networks?,"To safeguard data transmitted over computer networks, encryption techniques like SSL/TLS can be employed to secure communication channels. Additionally, implementing firewalls, intrusion detection systems, and access control mechanisms can help protect against unauthorized access and data breaches. Network security protocols such as IPsec and VPNs play a crucial role in ensuring data confidentiality and integrity during transmission."
Internet of Things,IoT Data Analytics,How can the vast amount of data generated by interconnected devices in the Internet of Things be effectively utilized to drive actionable insights and decision-making processes?,"In the realm of Internet of Things (IoT) data analytics, the key lies in leveraging advanced analytics techniques such as machine learning and artificial intelligence to process and analyze the massive volumes of data generated by IoT devices. By employing predictive analytics, anomaly detection, and real-time monitoring, organizations can extract valuable insights from IoT data to optimize operations, enhance efficiency, and enable data-driven decision-making across various industries."
Cybersecurity,Cryptography,How can organizations ensure the confidentiality and integrity of sensitive information in digital communications?,"Organizations can implement advanced encryption techniques and secure key management protocols to protect sensitive data from unauthorized access and tampering. By leveraging cryptographic algorithms and robust security mechanisms, they can establish secure communication channels and safeguard the confidentiality and integrity of their digital assets."
Operating Systems,Memory Management,How does efficient memory management contribute to the overall performance of an operating system?,"Efficient memory management in an operating system plays a crucial role in optimizing resource utilization and enhancing system performance. By effectively managing memory allocation, deallocation, and swapping, the operating system can ensure that processes have access to the required memory resources in a timely manner, reducing the likelihood of memory leaks and fragmentation. This leads to improved system responsiveness, stability, and overall efficiency, ultimately enhancing the user experience."
Software Engineering,Quality Assurance and Testing,How can we ensure that a software product meets the highest standards of functionality and reliability before its release?,"One approach involves implementing a comprehensive quality assurance and testing process that includes unit testing, integration testing, system testing, and acceptance testing. By conducting thorough testing at each stage of development, identifying and fixing defects early, and involving stakeholders in the testing process, we can ensure that the software meets the desired quality standards."
Internet of Things,IoT Data Analytics,How can the interconnectedness of devices in the digital realm enhance decision-making processes in various industries?,"The ability to collect and analyze vast amounts of data from interconnected IoT devices allows industries to gain valuable insights, optimize operations, and make data-driven decisions. By leveraging IoT data analytics, businesses can improve efficiency, predict trends, and enhance overall performance across sectors such as manufacturing, logistics, and healthcare."
Artificial Intelligence,Neural Networks,How can complex patterns be learned and represented in a way that mimics the human brain's functioning?,"Neural networks are a class of algorithms that mimic the human brain's structure and function, allowing for the learning and representation of complex patterns through interconnected nodes and layers."
Cloud Computing,Cloud Deployment Models,How can businesses optimize resource allocation and scalability in a dynamic IT environment?,"Businesses can optimize resource allocation and scalability by leveraging different cloud deployment models such as public, private, hybrid, and community clouds. Each deployment model offers unique benefits and challenges, allowing businesses to tailor their infrastructure to meet specific needs and scale efficiently."
Machine Learning,Reinforcement Learning,"How can an AI system be trained to make sequential decisions in an uncertain environment, learning from both rewards and penalties?","Reinforcement learning is a type of machine learning where an agent learns to make decisions by receiving feedback in the form of rewards or penalties. It involves training an AI system to navigate through an environment, taking actions that maximize cumulative rewards over time. This approach is inspired by behavioral psychology and has applications in game playing, robotics, and optimization problems."
Cloud Computing,Cloud Deployment Models,How does the choice of deployment model impact the scalability and flexibility of cloud-based solutions?,"The choice of deployment model in cloud computing, such as public, private, hybrid, or community cloud, significantly influences the scalability and flexibility of cloud-based solutions. Each deployment model has its unique characteristics and implications on resource allocation, data security, and accessibility. Understanding how these models operate and their suitability for different applications is crucial for optimizing cloud infrastructure and services."
Computer Networks,Network Protocols,"How do devices communicate effectively in a digital world without the need for direct interaction, ensuring seamless data transfer and connectivity?","In a world where interconnected devices rely on a common language to exchange information, the efficiency of communication is paramount. By understanding the intricate protocols governing data transmission, devices can establish reliable connections, interpret data accurately, and maintain seamless communication channels. This ensures that data packets are routed efficiently, errors are minimized, and network performance is optimized, facilitating smooth interactions in the digital realm."
Artificial Intelligence,Ethical Implications of AI,How can the ethical considerations in Artificial Intelligence impact the future of technology and society?,"The ethical implications of AI raise important questions about privacy, bias, accountability, and the potential impact on job markets. It is crucial to address these concerns to ensure that AI technologies are developed and deployed responsibly, benefiting society as a whole."
Cybersecurity,Cryptography,How can organizations ensure the confidentiality and integrity of sensitive information in the digital age?,"Organizations can employ advanced cryptographic techniques such as AES encryption and digital signatures to protect sensitive data from unauthorized access and tampering. By implementing robust encryption algorithms and key management practices, they can secure their data both in transit and at rest, safeguarding it from cyber threats and ensuring compliance with data protection regulations."
Computer Vision,Facial Recognition Technology,How can advancements in facial recognition technology impact privacy concerns in society?,"Advancements in facial recognition technology raise significant privacy concerns as they blur the lines between convenience and surveillance. The ability to identify individuals through facial features can lead to issues of data security, unauthorized tracking, and potential misuse of personal information. It's crucial to strike a balance between technological innovation and safeguarding individual privacy rights in the digital age."
Cloud Computing,Cloud Security,How can organizations ensure data privacy and compliance when migrating sensitive information to cloud environments?,"Organizations can implement encryption protocols, access controls, and regular security audits to safeguard sensitive data in cloud environments. Compliance with industry regulations such as GDPR and HIPAA is crucial, along with continuous monitoring and threat detection mechanisms to mitigate security risks."
Software Engineering,Software Testing and Quality Assurance,How can software testing strategies be optimized to ensure maximum code coverage and minimal defects in software products?,"To optimize software testing strategies for maximum code coverage and minimal defects, one approach is to implement a combination of automated testing tools, code reviews, and continuous integration. By leveraging automation for repetitive tests, conducting thorough code reviews to catch potential issues early, and integrating testing into the development process, teams can achieve higher test coverage and improve software quality."
Machine Learning,Deep Learning,How can machines be trained to understand complex patterns and relationships in data to make accurate predictions and decisions?,"Deep Learning involves training neural networks with multiple layers to learn intricate patterns and representations in data. By using algorithms that mimic the human brain's structure, deep learning models can automatically discover features and relationships in data, enabling them to make accurate predictions and decisions without explicit programming. This approach is particularly effective in tasks such as image and speech recognition, where the data is complex and requires hierarchical processing."
Computer Vision,Facial Recognition,How can technology enhance user experience and security in public spaces without compromising individual privacy?,"Technology can leverage facial recognition in public spaces to improve security measures and streamline user experiences. By implementing advanced algorithms, systems can identify individuals for access control or personalized services while respecting privacy through data encryption and secure storage practices. This balance ensures efficient operations without infringing on personal privacy rights."
Machine Learning,Deep Learning,How can neural networks be trained to automatically learn hierarchical representations of data?,"Deep Learning involves training neural networks with multiple layers to learn hierarchical representations of data. By using techniques like backpropagation and activation functions, neural networks can automatically extract features at different levels of abstraction, allowing for more complex pattern recognition and decision-making capabilities."
Cloud Computing,Cloud Security,"How can organizations ensure data protection and compliance in a dynamic and shared cloud environment, considering the evolving threat landscape and regulatory requirements?","In the realm of cloud security, organizations must implement a multi-layered approach that includes encryption, access controls, regular audits, and compliance monitoring. By leveraging advanced security tools, threat intelligence, and proactive incident response strategies, businesses can safeguard sensitive data, mitigate risks, and maintain regulatory compliance in the ever-changing cloud landscape."
Data Structures and Algorithms,Sorting Algorithms,How can efficiency in organizing information be improved through a strategic arrangement of elements?,"Efficiency in organizing information can be significantly enhanced by implementing algorithms that strategically arrange elements in a specific order. By optimizing the arrangement of data, systems can process and retrieve information more quickly, leading to improved performance and resource utilization. This strategic organization is crucial in various applications, from optimizing search operations to enhancing data retrieval processes, ultimately contributing to the overall efficiency and effectiveness of systems."
Cybersecurity,Cryptography,How can organizations ensure the confidentiality and integrity of their sensitive data in the digital age?,"Organizations can employ advanced cryptographic techniques such as AES encryption and digital signatures to protect their data from unauthorized access and tampering. By implementing robust encryption algorithms and key management practices, they can safeguard their information from cyber threats and maintain data confidentiality and integrity."
Software Engineering,Software Maintenance and Evolution,How can software longevity be ensured in a constantly evolving technological landscape?,"Software longevity can be ensured in a constantly evolving technological landscape by implementing robust maintenance strategies, incorporating scalability features, and regularly updating the software to adapt to new technologies and user requirements. Additionally, conducting impact analysis, refactoring code, and documenting changes are essential practices to maintain software relevance and effectiveness over time."
Computer Networks,Network Protocols,How do advancements in communication standards impact the efficiency and reliability of modern digital systems?,"Advancements in communication standards, such as the evolution of network protocols, play a crucial role in enhancing the efficiency and reliability of modern digital systems. These standards dictate how data is transmitted, received, and processed across networks, influencing factors like speed, security, and compatibility. By staying abreast of the latest protocols and their implications, professionals can optimize network performance, ensure seamless connectivity, and mitigate potential vulnerabilities."
Cloud Computing,Cloud Deployment Models,How can organizations optimize resource utilization and scalability in a dynamic computing environment?,"Organizations can optimize resource utilization and scalability in a dynamic computing environment by strategically choosing the appropriate cloud deployment model that aligns with their specific needs. By leveraging the flexibility of cloud deployment models, organizations can dynamically scale resources up or down based on demand, ensuring efficient resource allocation and cost-effectiveness."
Data Structures and Algorithms,Sorting Algorithms,How can efficiency in problem-solving be enhanced through strategic arrangement and organization?,"Efficiency in problem-solving can be significantly enhanced by strategically arranging and organizing data to optimize performance. By leveraging advanced techniques like divide and conquer, comparison-based sorting, and hybrid algorithms, professionals can streamline processes and achieve faster results. This approach challenges traditional linear thinking and encourages a more dynamic and adaptive problem-solving mindset, essential in the field of Data Structures and Algorithms."
Machine Learning,Deep Learning,How can neural networks be trained to recognize patterns in data and make predictions?,"Neural networks in deep learning use multiple layers to learn hierarchical representations of data, enabling them to automatically discover patterns and features for tasks like image recognition, speech recognition, and natural language processing. By adjusting the weights and biases through backpropagation, neural networks can iteratively improve their predictions and accuracy."
Computer Networks,Network Security,"How does ensuring confidentiality, integrity, and availability play a crucial role in safeguarding data transmission within computer networks?","Ensuring confidentiality, integrity, and availability in network security is essential to protect sensitive information from unauthorized access, maintain data accuracy and consistency, and ensure that network services are accessible when needed. By implementing encryption, access controls, intrusion detection systems, and regular security audits, organizations can mitigate risks and safeguard their network infrastructure."
Internet of Things,IoT Data Analytics,How can the utilization of data in innovative ways enhance the efficiency and effectiveness of Internet of Things systems?,"By leveraging advanced data analytics techniques, IoT data can be transformed into actionable insights, enabling predictive maintenance, real-time monitoring, and optimization of IoT devices and networks. This leads to improved decision-making, resource allocation, and overall performance of IoT systems."
Cloud Computing,Cloud Deployment Models,How can organizations optimize resource utilization and scalability in modern IT infrastructures?,"Organizations can optimize resource utilization and scalability by strategically choosing the appropriate cloud deployment model that aligns with their specific needs and requirements. By leveraging the flexibility of cloud deployment models, organizations can dynamically scale resources up or down based on demand, leading to cost-efficiency and improved performance."
Operating Systems,Memory Management,How does the efficient utilization of resources contribute to the overall performance of modern operating systems?,"Efficient memory management plays a crucial role in optimizing the performance of operating systems. By effectively allocating and deallocating memory resources, operating systems can enhance system responsiveness, reduce latency, and prevent memory leaks. This optimization leads to improved multitasking capabilities, faster program execution, and overall system stability."
Data Structures and Algorithms,Sorting Algorithms,How can efficiency in problem-solving be significantly improved in computer science?,"Efficiency in problem-solving can be greatly enhanced by analyzing the time and space complexity of algorithms. By understanding the trade-offs between different sorting algorithms, developers can choose the most suitable algorithm based on the size of the input data. This optimization process is crucial in ensuring that computational resources are utilized effectively, leading to faster and more reliable solutions."
Software Engineering,Quality Assurance and Testing,How can teams ensure the reliability and robustness of their software products throughout the development process?,"Teams can implement comprehensive testing strategies, including unit testing, integration testing, and system testing, to validate the functionality and performance of the software. Additionally, they can use automated testing tools to streamline the testing process and identify defects early. Continuous monitoring and feedback loops help in maintaining quality standards and addressing issues promptly."
Cybersecurity,Cryptography,How can organizations ensure the confidentiality and integrity of their sensitive data in digital communications?,"Organizations can employ advanced encryption techniques like AES or RSA to secure their data during transmission, ensuring that only authorized parties can access and decipher the information. By implementing strong cryptographic protocols and key management practices, organizations can safeguard their data from unauthorized access and maintain data integrity."
Operating Systems,Memory Management,How does the efficient utilization of resources contribute to the overall performance of an essential system component in modern computing environments?,"Efficient memory management plays a crucial role in optimizing system performance by ensuring that resources are allocated and deallocated effectively. It involves techniques like memory allocation, deallocation, and fragmentation reduction to enhance system efficiency and responsiveness. By managing memory effectively, operating systems can minimize overhead, improve multitasking capabilities, and enhance overall system stability and performance."
Internet of Things,IoT Data Analytics,How can organizations leverage insights from connected devices to optimize their operations and decision-making processes?,"Organizations can harness the power of IoT data analytics to collect, analyze, and interpret data from interconnected devices to gain valuable insights. By utilizing advanced analytics techniques such as machine learning and predictive modeling, businesses can optimize processes, improve efficiency, and make data-driven decisions. This enables proactive maintenance, resource optimization, and enhanced customer experiences, ultimately leading to increased productivity and competitive advantage in the IoT ecosystem."
Computer Vision,Facial Recognition Technology,How can advancements in biometric authentication enhance security measures in various industries?,"Advancements in biometric authentication, particularly in facial recognition technology, have revolutionized security measures across industries. By leveraging facial recognition for access control and identity verification, organizations can significantly enhance security protocols. This technology offers a seamless and efficient way to authenticate individuals, reducing the reliance on traditional methods like passwords or keycards. Furthermore, the accuracy and speed of facial recognition systems make them ideal for high-security environments such as airports, government facilities, and financial institutions. Overall, the integration of facial recognition technology in security systems not only improves safety but also streamlines processes for a more secure and convenient experience."
Software Engineering,Quality Assurance and Testing,How can we ensure that our software products meet the highest standards and deliver exceptional user experience?,"To ensure that software products meet the highest standards and deliver exceptional user experience, it is crucial to implement rigorous quality assurance and testing processes. By conducting thorough testing at every stage of development, identifying and fixing bugs, and soliciting feedback from users, we can guarantee the reliability, functionality, and usability of our software."
Data Structures and Algorithms,Sorting Algorithms,How can efficiency in organizing and arranging data be significantly improved in computer systems?,"Efficiency in organizing and arranging data in computer systems can be significantly improved by implementing advanced sorting algorithms. These algorithms optimize the arrangement of data elements, leading to faster processing and retrieval times. By understanding the intricacies of different sorting techniques and their complexities, developers can enhance the performance of various applications and systems."
Operating Systems,Memory Management,How does efficient memory management contribute to the overall performance of an operating system?,"Efficient memory management in an operating system plays a crucial role in optimizing resource utilization and enhancing system performance. By effectively allocating and deallocating memory, the operating system ensures that programs run smoothly without memory leaks or fragmentation issues. This not only improves the system's responsiveness but also prevents crashes and slowdowns, leading to a more stable computing environment."
Artificial Intelligence,Ethical Implications of AI,How can the ethical considerations in Artificial Intelligence impact the future of technology and society?,"The ethical implications of AI raise important questions about privacy, bias, accountability, and the potential impact on job markets. Addressing these concerns is crucial to ensure that AI technologies are developed and deployed responsibly, benefiting society as a whole."
Computer Vision,Facial Recognition Technology,How can advanced algorithms enhance security and privacy in modern technological applications?,"Advanced algorithms play a crucial role in enhancing security and privacy in modern technological applications by enabling sophisticated authentication methods, such as facial recognition technology. These algorithms analyze unique facial features to verify identities, offering a more secure and convenient way to access devices and sensitive information. By leveraging deep learning and biometric data, facial recognition technology ensures robust security measures while prioritizing user privacy and data protection."
Cybersecurity,Cryptography,How can organizations ensure the confidentiality and integrity of sensitive information in the digital age?,"Organizations can leverage advanced cryptographic techniques such as AES encryption and digital signatures to protect sensitive data from unauthorized access and tampering. By implementing robust encryption protocols and key management practices, they can secure their information assets against cyber threats and maintain data confidentiality and integrity."
Cybersecurity,Cryptography,How can organizations ensure the confidentiality and integrity of their sensitive information in the digital age?,"Organizations can employ advanced encryption techniques and key management protocols to safeguard their data from unauthorized access and tampering. By implementing robust cryptographic algorithms and regularly updating encryption keys, they can maintain the confidentiality and integrity of their sensitive information, thereby mitigating the risks associated with cyber threats."
